{"cameraMode":{"drawMode":0,"name":"Shaded","section":"Shading Mode"},"sceneLighting":true,"audioPlay":false,"sceneViewState":{"m_AlwaysRefresh":false,"showFog":true,"showSkybox":true,"showFlares":true,"showImageEffects":true,"showParticleSystems":true,"showVisualEffectGraphs":true,"m_FxEnabled":true},"in2DMode":false,"pivot":{"x":-0.25549888610839846,"y":5.028970241546631,"z":-2.9905953407287599},"rotation":{"x":0.12868453562259675,"y":0.8605966567993164,"z":-0.26762476563453677,"w":0.41379034519195559},"size":12.812746047973633,"orthographic":true}