{"cameraMode":{"drawMode":0,"name":"Shaded","section":"Shading Mode"},"sceneLighting":true,"audioPlay":false,"sceneViewState":{"m_AlwaysRefresh":false,"showFog":true,"showSkybox":true,"showFlares":true,"showImageEffects":true,"showParticleSystems":true,"showVisualEffectGraphs":true,"m_FxEnabled":true},"in2DMode":false,"pivot":{"x":-0.25549888610839846,"y":5.028970241546631,"z":-2.9905953407287599},"rotation":{"x":0.08892841637134552,"y":0.9110506772994995,"z":-0.2893217206001282,"w":0.2800096869468689},"size":15.967012405395508,"orthographic":true}