{"cameraMode":{"drawMode":0,"name":"Shaded","section":"Shading Mode"},"sceneLighting":true,"audioPlay":false,"sceneViewState":{"m_AlwaysRefresh":false,"showFog":true,"showSkybox":true,"showFlares":true,"showImageEffects":true,"showParticleSystems":true,"showVisualEffectGraphs":true,"m_FxEnabled":true},"in2DMode":false,"pivot":{"x":-0.25549888610839846,"y":5.028970241546631,"z":-2.9905953407287599},"rotation":{"x":0.12379802018404007,"y":0.8728469610214233,"z":-0.29021745920181277,"w":0.3723144829273224},"size":10.281601905822754,"orthographic":true}