{"cameraMode":{"drawMode":0,"name":"Shaded","section":"Shading Mode"},"sceneLighting":true,"audioPlay":false,"sceneViewState":{"m_AlwaysRefresh":false,"showFog":true,"showSkybox":true,"showFlares":true,"showImageEffects":true,"showParticleSystems":true,"showVisualEffectGraphs":true,"m_FxEnabled":true},"in2DMode":false,"pivot":{"x":-0.25549888610839846,"y":5.028970241546631,"z":-2.9905953407287599},"rotation":{"x":0.04420857131481171,"y":0.9421796798706055,"z":-0.3023231625556946,"w":0.1377594918012619},"size":28.296680450439454,"orthographic":true}